"TaxonCode","FullNameOfTaxon","Genus","Family","DomesticWildStatus"
"ABIEALB","Abies alba","Abies","Pinaceae","wild"
"ABIESPE","Abies spp.","Abies","Pinaceae","wild"
"ABIETAX","Abies alba/Taxus baccata",NULL,NULL,"wild"
"ACERCAM","Acer campestre","Acer","Aceraceae","wild"
"ACHIMIL","Achillea millefolium","Achillea","Compositae","wild"
"ACINARV","Acinos arvensis","Acinos","Labiatae","wild"
"ACTASPI","Actaea spicata","Acta","Ranunculaceae","wild"
"AETHCYN","Aethusa cynapium","Aethusa","Umbelliferae","wild"
"AGRIEUP","Agrimonia eupatoria","Agrimonia","Rosaceae","wild"
"AGROGIT","Agrostemma githago","Agrostemma","Caryophyllaceae","wild"
"AGROREP","Agropyon repens","Agropyron","Gramineae","wild"
"AGROSPE","Agrostis spp.","Agrostis","Gramineae","wild"
"AGROSTO","Agrostis stolonifera","Agrostis","Gramineae","wild"
"AGRPSPE","Agropyron spp.","Agropyron","Gramineae","wild"
"AIRASPE","Aira spp.","Aira","Gramineae","wild"
"AJUGREP","Ajuga reptans","Ajuga","Labiatae","wild"
"AJUGSPE","Ajuga spp.","Ajuga","Labiatae","wild"
"ALCHSPE","Alchemilla spp.","Alchemilla","Rosaceae","wild"
"ALIPLAQ","Alisma plantago-aquatica","Alisma","Alismataceae","wild"
"ALISSPE","Alisma spp.","Alisma","Alismataceae","wild"
"ALLAOFF","Alliaria officinalis","Alliaria","Cruciferae","wild"
"ALLISPE","Allium spp.","Allium","Liliaceae","wild"
"ALLIURS","Allium ursinum","Allium","Liliaceae","wild"
"ALNUGLU","Alnus glutinosa","Alnus","Betulaceae","wild"
"ALNUSPE","Alnus spp.","Alnus","Betulaceae","wild"
"ALTHMAL","Althaea/Malva spp.",NULL,"Malvaceae","wild"
"ALTHOFF","Althaea officinalis","Althaea","Malvaceae","wild"
"AMMOARE","Ammophila arenaria","Ammophila","Gramineae","wild"
"ANAGARV","Anagallis arvensis","Anagallis","Primulaceae","wild"
"ANCHOFF","Anchusa officinalis","Anchusa","Boraginaceae","wild"
"ANETGRA","Anethum graveolens","Anethum","Umbelliferae","wild"
"ANTHSPE","Anthemis spp.","Anthemis","Compositae","wild"
"ANTHTIN","Anthemis tinctoria","Anthemis","Compositae","wild"
"ANTXODO","Anthoxanthum odoratum","Anthoxanthum","Gramineae","wild"
"APHAARV","Aphanes arvensis","Aphanes","Rosaceae","wild"
"APHAMIC","Aphanes microcarpa","Aphanes","Rosaceae","wild"
"APHASPE","Aphanes spp.","Aphanes","Rosaceae","wild"
"APIUGRA","Apium graveolens","Apium","Umbelliferae","wild"
"AQUIVUL","Aquilegia vulgaris","Aquilegia","Ranunculaceae","wild"
"ARCOUVU","Arctostaphylus uva-ursi","Arctostaphylus","Ericaceae","wild"
"ARCTLAP","Arctium lappa","Arctium","Compositae","wild"
"ARCTMIN","Arctium minus","Arctium","Compositae","wild"
"ARCTSPE","Arctium spp.","Arctium","Compositae","wild"
"ARENSER","Arenaria serpyllifolia","Arenaria","Caryophyllaceae","wild"
"ARRHELA","Arrhenatherum elatius","Arrhenatherum","Gramineae","wild"
"ARTESPE","Artemisia spp.","Artemisia","Compositae","wild"
"ARTEVUL","Artemisia vulgaris","Artemisia","Compositae","wild"
"ARUNDIO","Aruncus dioicus","Aruncus","Rosaceae","wild"
"ASAREUR","Asarum europaeum","Asarum","Aristolochiaceae","wild"
"ASPEARV","Asperula arvensis","Asperula","Rubiaceae","wild"
"ASPEGAL","Asperula/Galium spp.",NULL,"Rubiaceae","wild"
"ASPESPE","Asperula spp.","Asperula","Rubiaceae","wild"
"ASTETRI","Aster tripolium","Aster","Compositae","wild"
"ASTRGLY","Astragalus glycyphyllos","Astragalus","Leguminosae","wild"
"ATHNISY","Anthriscus nitida/sylvestris","Anthriscus","Umbelliferae","wild"
"ATRILIT","Atriplex littoralis","Atriplex","Chenopodiaceae","wild"
"ATRIPAT","Atriplex patula","Atriplex","Chenopodiaceae","wild"
"ATRISPE","Atriplex spp.","Atriplex","Chenopodiaceae","wild"
"ATRLIHA","Atriplex littoralis/hastata","Atriplex","Chenopodiaceae","wild"
"ATROBED","Atropa bella-donna","Atropa","Solanaceae","wild"
"ATRPAHA","Atriplex patula/hastata","Atriplex","Chenopodiaceae","wild"
"ATRPAPR","Atriplex patula/prostrata","Atriplex","Chenopodiaceae","wild"
"AVEFAST","Avena fatua/sterilis","Avena","Gramineae","wild"
"AVENBRO","Avena/Bromus spp.",NULL,"Gramineae","wild"
"AVENFAT","Avena fatua","Avena","Gramineae","wild"
"AVENSAT","Avena sativa","Avena","Gramineae","domestic"
"AVENSPE","Avena spp.","Avena","Gramineae","wild/domestic"
"AVENSTE","Avena sterilis","Avena","Gramineae","wild"
"BERUERE","Berula erecta","Berula","Umbelliferae","wild"
"BETAVUL","Beta vulgaris","Beta","Chenopodiaceae","wild/cultivated"
"BETPEPU","Betula pendula/pubescens","Betula","Betulaceae","wild"
"BETUALB","Betula alba","Betula","Betulaceae","wild"
"BETUPEN","Betula pendula","Betula","Betulaceae","wild"
"BETUSPE","Betula spp.","Betula","Betulaceae","wild"
"BORAIND","Boraginaceae indeterminate",NULL,"Boraginaceae","wild"
"BRACSYL","Brachypodium sylvaticum","Brachypodium","Gramineae","wild"
"BRASNIG","Brassica nigra","Brassica","Cruciferae","wild/cultivated"
"BRASRAP","Brassica rapa","Brassica","Cruciferae","wild"
"BRASSIN","Brassica/Sinapis spp.",NULL,"Cruciferae","wild"
"BRASSPE","Brassica spp.","Brassica","Cruciferae","wild"
"BRIZMED","Briza media","Briza","Gramineae","wild"
"BROARHO","Bromus arvensis/hordeaceus","Bromus","Gramineae","wild"
"BROINRA","Bromus inermis/ramosus","Bromus","Gramineae","wild"
"BROMARV","Bromus arvensis","Bromus","Gramineae","wild"
"BROMERE","Bromus erectus","Bromus","Gramineae","wild"
"BROMHOR","Bromus hordeaceus","Bromus","Gramineae","wild"
"BROMOAR","Bromus mollis/arvensis","Bromus","Gramineae","wild"
"BROMSEC","Bromus secalinus","Bromus","Gramineae","wild"
"BROMSPE","Bromus spp.","Bromus","Gramineae","wild"
"BROMSTE","Bromus sterilis","Bromus","Gramineae","wild"
"BROMTEC","Bromus tectorum","Bromus","Gramineae","wild"
"BROSEAR","Bromus secalinus/arvensis","Bromus","Gramineae","wild"
"BROSEHO","Bromus secalinus/hordeaceus","Bromus","Gramineae","wild"
"BROSEMO","Bromus secalinus/mollis","Bromus","Gramineae","wild"
"BROSTAR","Bromus sterilis/arvensis","Bromus","Gramineae","wild"
"BROSTTE","Bromus sterilis/tectorum","Bromus","Gramineae","wild"
"BROTEER","Bromus tectorum/erectus","Bromus","Gramineae","wild"
"BRYODIO","Bryonia dioica","Bryonia","Cucurbitaceae","wild"
"BUGLARV","Buglossoides arvensis","Buglossoides","Boraginaceae","wild"
"BUNIBUL","Bunium bulbocastanum","Bunium","Umbelliferae","wild"
"BUPLROT","Bupleurum rotundifolium","Bupleurum","Umbelliferae","wild"
"BUPLSPE","Bupleurum spp.","Bupleurum","Umbelliferae","wild"
"CAKIMAR","Cakile maritima","Cakile","Cruciferae","wild"
"CALANEP","Calamintha nepeta","Calamintha","Labiatae","wild"
"CALASYL","Calamintha sylvatica","Calamintha","Labiatae","wild"
"CALLVUL","Calluna vulgaris","Calluna","Ericaceae","wild"
"CALTPAL","Caltha palustris","Caltha","Ranunculaceae","wild"
"CALYSEP","Calystegia sepium","Calystegia","Convolvulaceae","wild"
"CAMASPE","Campanula spp.","Campanula","Campanulaceae","wild"
"CAMESAT","Camelina sativa","Camelina","Cruciferae","wild"
"CAMESPE","Camelina spp.","Camelina","Cruciferae","wild"
"CAMPGLO","Campanula glomerata","Campanula","Campanulaceae","wild"
"CAMPRAP","Campanula rapunculoides","Campanula","Campanulaceae","wild"
"CAMPSPE","Camphorosma spp.","Camphorosma","Chenopodiaceae","wild"
"CAMPTRA","Campanula trachelium","Campanula","Campanulaceae","wild"
"CAMSAMI","Camelina sativa/microcarpa","Camelina","Cruciferae","wild"
"CAPSBUP","Capsella bursa-pastoris","Capsella","Cruciferae","wild"
"CARACEL","Carex acuta/elata","Carex","Cyperaceae","wild"
"CARDIOV","Carex divisa/ovalis","Carex","Cyperaceae","wild"
"CARDSPE","Carduus spp.","Carduus","Compositae","wild"
"CAREACU","Carex acutiformis","Carex","Cyperaceae","wild"
"CAREAPP","Carex appropinquata","Carex","Cyperaceae","wild"
"CAREDIS","Carex distans","Carex","Cyperaceae","wild"
"CAREFLA","Carex flacca","Carex","Cyperaceae","wild"
"CAREHIR","Carex hirta","Carex","Cyperaceae","wild"
"CAREHOS","Carex hostiana","Carex","Cyperaceae","wild"
"CARELAS","Carex lasiocarpa","Carex","Cyperaceae","wild"
"CAREMUR","Carex muricata","Carex","Cyperaceae","wild"
"CARENIG","Carex nigra","Carex","Cyperaceae","wild"
"CAREOBT","Carex obtrubae","Carex","Cyperaceae","wild"
"CAREPAN","Carex paniculata","Carex","Cyperaceae","wild"
"CARERIP","Carex riparia","Carex","Cyperaceae","wild"
"CAREROS","Carex rostrata","Carex","Cyperaceae","wild"
"CARESCI","Carex/Scirpus spp.",NULL,"Caryophyllaceae","wild"
"CARESPE","Carex spp.","Carex","Cyperaceae","wild"
"CARMHIR","Cardamine hirsuta","Cardamine","Cruciferae","wild"
"CARPBET","Carpinus betulus","Carpinus","Betulaceae","wild"
"CARUCAR","Carum carvi","Carum","Umbelliferae","wild"
"CARYIND","Caryophyllaceae indeterminate",NULL,"Caryophyllaceae","wild"
"CARYPOR","Caryophyllaceae/Portulacaceae indeterminate",NULL,NULL,"wild"
"CENTCYA","Centaurea cyanus","Centaurea","Compositae","wild"
"CENTJAC","Centaurea jacea","Centaurea","Compositae","wild"
"CERACER","Cerastium cerastoides","Cerastium","Caryophyllaceae","wild"
"CERAFON","Cerastium fontanum","Cerastium","Caryophyllaceae","wild"
"CERAHOL","Cerastium holosteoides","Cerastium","Caryophyllaceae","wild"
"CERASPE","Cerastium spp.","Cerastium","Caryophyllaceae","wild"
"CERASTE","Cerastium/Stellaria spp.",NULL,"Caryophyllaceae","wild"
"CERINDB","Cereal indeterminate basal culm",NULL,"Gramineae","wild/domestic"
"CERINDC","Cereal indeterminate culm",NULL,"Gramineae","wild/domestic"
"CERINDG","Cereal indeterminate grains",NULL,"Gramineae","wild/domestic"
"CERINDH","Cereal indeterminate husk/glumes/etc.",NULL,"Gramineae","domestic"
"CERINDR","Cereal indeterminate rachis",NULL,"Gramineae","wild/domestic"
"CERTDEM","Ceratophyllum demersum","Ceratophyllum","Ceratophyllaceae","wild"
"CERTSUB","Ceratophyllum submersum","Ceratophyllum","Ceratophyllaceae","wild"
"CHAETEM","Chaerophyllum temulum","Chaerophyllum","Umbelliferae","wild"
"CHARSPE","Chara spp.","Chara","Characeae","wild"
"CHEGLRU","Chenopodium glaucum/rubrum","Chenopodium","Chenopodiaceae","wild"
"CHENALB","Chenopodium album","Chenopodium","Chenopodiaceae","wild"
"CHENATR","Chenopodium/Atriplex spp.",NULL,"Chenopodiaceae","wild"
"CHENCAR","Chenopodiaceae/Caryophyllaceae indeterminate",NULL,NULL,"wild"
"CHENFIC","Chenopodium ficifolium","Chenopodium","Chenopodiaceae","wild"
"CHENGLA","Chenopodium glaucum","Chenopodium","Chenopodiaceae","wild"
"CHENHYB","Chenopodium hybridum","Chenopodium","Chenopodiaceae","wild"
"CHENIND","Chenopodiaceae indeterminate",NULL,"Chenopodiaceae","wild"
"CHENMUR","Chenopodium murale","Chenopodium","Chenopodiaceae","wild"
"CHENPOL","Chenopodium polyspermum","Chenopodium","Chenopodiaceae","wild"
"CHENRUB","Chenopodium rubrum","Chenopodium","Chenopodiaceae","wild"
"CHENSPE","Chenopodium spp.","Chenopodium","Chenopodiaceae","wild"
"CHENURB","Chenopodium urbicum","Chenopodium","Chenopodiaceae","wild"
"CHRYLEU","Chrysanthemum leucanthemum","Chrysanthemum","Compositae","wild"
"CICEARI","Cicer arietinum","Cicer","Leguminosae","domestic"
"CIRSARV","Cirsium arvense","Cirsium","Compositae","wild"
"CIRSCAR","Cirsium/Carduus spp.",NULL,"Compositae","wild"
"CIRSHET","Cirsium heterophyllum","Cirsium","Compositae","wild"
"CIRSSPE","Cirsium spp.","Cirsium","Compositae","wild"
"CIRSVUL","Cirsium vulgaris","Cirsium","Compositae","wild"
"CLADMAR","Cladium mariscus","Cladium","Cyperaceae","wild"
"CLAVPUR","Claviceps purpurea",NULL,NULL,"wild"
"CLINVUL","Clinopodium vulgare","Clinopodium","Labiatae","wild"
"COMPIND","Compositae indeterminate",NULL,"Compositae","wild"
"CONIMAC","Conium maculatum","Conium","Umbelliferae","wild"
"CONOMAJ","Conopodium majus","Conopodium","Umbelliferae","wild"
"CORNMAS","Cornus mas","Cornus","Cornaceae","wild"
"CORNSAN","Cornus sanguinea","Cornus","Cornaceae","wild"
"COROSPE","Coronilla spp.","Coronilla","Leguminosae","wild"
"CORYAVE","Corylus avellana","Corylus","Betulaceae","wild"
"CRAMOLA","Crataegus monogyna/laevigata","Crataegus","Rosaceae","wild"
"CRATLAE","Crataegus laevigata","Crataegus","Rosaceae","wild"
"CRATMON","Crataegus monogyna","Crataegus","Rosaceae","wild"
"CRATSPE","Crataegus spp.","Crataegus","Rosaceae","wild"
"CRUCIND","Cruciferae indeterminate",NULL,"Cruciferae","wild"
"CRUTLAE","Cruciata laevipes","Cruciata","Rubiaceae","wild"
"CUSCSPE","Cuscuta spp.","Cuscuta","Cuscutaceae","wild"
"CYPEIND","Cyperaceae indeterminate",NULL,"Cyperaceae","wild"
"CYPESPE","Cyperus spp.","Cyperus","Cyperaceae","wild"
"DAUCCAR","Daucus carota","Daucus","Umbelliferae","wild"
"DESCSOP","Descurainia sophia","Descurainia","Cruciferae","wild"
"DIAARDE","Dianthus armeria/deltoides","Dianthus","Caryophyllaceae","wild"
"DIANSPE","Dianthus spp.","Dianthus","Caryophyllaceae","wild"
"DICOTSO","Dicotyledonous storage organs",NULL,NULL,"wild"
"DIGIISC","Digitaria ischaemum","Digitaria","Gramineae","wild"
"DIGISPE","Digitaria spp.","Digitaria","Gramineae","wild"
"DIPSFUL","Dipsacus fullonum","Dipsacus","Dipsacaceae","wild"
"ECHICRG","Echinochloa crus-galli","Echinochloa","Gramineae","wild"
"ELEOPAL","Eleocharis palustris","Eleocharis","Cyperaceae","wild"
"ELEOSPE","Eleocharis spp.","Eleocharis","Cyperaceae","wild"
"ELEPAUN","Eleocharis palustris/uniglumis","Eleocharis","Cyperaceae","wild"
"EMPENIG","Empetrum nigrum","Empetrum","Ericaceae","wild"
"EPILSPE","Epilobium spp.","Epilobium","Onagraceae","wild"
"EQUIFLU","Equisetum fluviatile","Equisetum","Equisetaceae","wild"
"EQUISPE","Equisetum spp.","Equisetum","Equisetaceae","wild"
"ERICCAL","Erica/Calluna spp.",NULL,"Ericaceae","wild"
"ERICCIN","Erica cinerea","Erica","Ericaceae","wild"
"ERICIND","Ericaceae indeterminate",NULL,"Ericaceae","wild"
"ERICSPE","Erica spp.","Erica","Ericaceae","wild"
"ERICTET","Erica tetralix","Erica","Ericaceae","wild"
"ERIGACR","Erigeron acris","Erigeron","Compositae","wild"
"ERIOANG","Eriophorum angustifolium","Eriophorum","Cyperaceae","wild"
"ERODCIT","Erodium cicutarium","Erodium","Geraniaceae","wild"
"ERODSPE","Erodium spp.","Erodium","Geraniaceae","wild"
"ERUSNAS","Erucastrum nasturtiifolium","Erucastrum","Cruciferae","wild"
"ERYSCHE","Erysimum cheiranthoides","Erysimum","Cruciferae","wild"
"EUPACAN","Eupatorium cannabinum","Eupatorium","Compositae","wild"
"EUPHEXI","Euphorbia exigua","Euphorbia","Euphorbiaceae","wild"
"EUPHHEL","Euphorbia helioscopia","Euphorbia","Euphorbiaceae","wild"
"EUPHPAL","Euphorbia palustris","Euphorbia","Euphorbiaceae","wild"
"FAGUSYL","Fagus sylvatica","Fagus","Fagaceae","wild"
"FESTLOL","Festuca/Lolium spp.",NULL,"Gramineae","wild"
"FESTPRA","Festuca pratensis","Festuca","Gramineae","wild"
"FESTRUB","Festuca rubra","Festuca","Gramineae","wild"
"FESTSPE","Festuca spp.","Festuca","Gramineae","wild"
"FILIULM","Filipendula ulmaria","Filipendula","Rosaceae","wild"
"FRAGPOT","Fragaria/Potentilla spp.",NULL,"Rosaceae","wild"
"FRAGSPE","Fragaria spp.","Fragaria","Rosaceae","wild"
"FRAGVES","Fragaria vesca","Fragaria","Rosaceae","wild"
"FRAXELC","Fraxinus excelsior","Fraxinus","Oleaceae","wild"
"FUMAOFF","Fumaria officinalis","Fumaria","Papaveraceae","wild"
"GALAPSP","Galium aparine/spurium","Galium","Rubiaceae","wild"
"GALAPTR","Galium aparine/tricornutum","Galium","Rubiaceae","wild"
"GALEBIF","Galeopsis bifida","Galeopsis","Labiatae","wild"
"GALESEG","Galeopsis segetum","Galeopsis","Labiatae","wild"
"GALESPE","Galeopsis spp.","Galeopsis","Labiatae","wild"
"GALESTA","Galeopsis/Stachys spp.",NULL,"Labiatae","wild"
"GALETET","Galeopsis tetrahit","Galeopsis","Labiatae","wild"
"GALIAPA","Galium aparine","Galium","Rubiaceae","wild"
"GALIBOR","Galium boreale","Galium","Rubiaceae","wild"
"GALIMOL","Galium mollugo","Galium","Rubiaceae","wild"
"GALIPAL","Galium palustre","Galium","Rubiaceae","wild"
"GALISAX","Galium saxatile","Galium","Rubiaceae","wild"
"GALISPE","Galium spp.","Galium","Rubiaceae","wild"
"GALISPU","Galium spurium","Galium","Rubiaceae","wild"
"GALITRI","Galium tricornutum","Galium","Rubiaceae","wild"
"GALIVER","Galium verum","Galium","Rubiaceae","wild"
"GALLAAN","Galeopsis ladanum/angustifolia","Galeopsis","Labiatae","wild"
"GALLASE","Galeopsis ladanum/segetum","Galeopsis","Labiatae","wild"
"GALMOVE","Galium mollugo/verum","Galium","Rubiaceae","wild"
"GALTESP","Galeopsis tetrahit/speciosa","Galium","Labiatae","wild"
"GALVERO","Galium/Veronica spp.",NULL,NULL,"wild"
"GENTSPE","Gentianella spp.","Gentianella","Gentianaceae","wild"
"GEUMSPE","Geum spp.","Geum","Rosaceae","wild"
"GLAUMAR","Glaux maritima","Glaux","Primulaceae","wild"
"GLECHED","Glechoma hederacea","Glechoma","Labiatae","wild"
"GLYCFLU","Glyceria fluitans","Glyceria","Gramineae","wild"
"GLYCPLI","Glyceria plicata","Glyceria","Gramineae","wild"
"GLYRSPE","Glyceria spp.","Glyceria","Gramineae","wild"
"GRAMIND","Gramineae indeterminate",NULL,"Gramineae","wild"
"GRAMINH","Gramineae indeterminate husk/glumes/etc.",NULL,"Gramineae","wild"
"GRAMINS","Gramineae indeterminate stems",NULL,"Gramineae","wild"
"GRAMINT","Gramineae indeterminate storage organs (tubers)",NULL,"Gramineae","wild"
"HEDEHEL","Hedera helix","Hedera","Araliaceae","wild"
"HIERSPE","Hieracium spp.","Hieraceum","Compositae","wild"
"HORDMAR","Hordeum marinum","Hordeum","Gramineae","wild"
"HORDMUR","Hordeum murinum","Hordeum","Gramineae","wild"
"HORDSAI","Hordeum sativum grains (indeterminate hulled)","Hordeum","Gramineae","domestic"
"HORDSAN","Hordeum sativum naked grains","Hordeum","Gramineae","domestic"
"HORDSAS","Hordeum sativum grains (6 row hulled)","Hordeum","Gramineae","domestic"
"HORDSNG","Hordeum sativum naked glumes/bases","Hordeum","Gramineae","domestic"
"HORDSNR","Hordeum sativum naked rachis internodes","Hordeum","Gramineae","domestic"
"HORDSPE","Hordeum spp.","Hordeum","Gramineae","wild/domestic"
"HORDSRI","Hordeum sativum rachis internodes (indeterminate hulled)","Hordeum","Gramineae","domestic"
"HORDSRS","Hordeum sativum rachis internodes (6-row hulled)","Hordeum","Gramineae","domestic"
"HORSASN","Hordeum sativum hulled or naked grains","Hordeum","Gramineae","domestic"
"HORSSNR","Hordeum sativum hulled or naked rachis internodes","Hordeum","Gramineae","domestic"
"HUMULUP","Humulus lupulus","Humulus","Cannabaceae","wild"
"HYOSNIG","Hyoscyamus niger","Hyoscyamus","Solanaceae","wild"
"HYOSSPE","Hyoscyamus spp.","Hyoscyamus","Solanaceae","wild"
"HYPIHIR","Hypericum hirsutum","Hypericum","Hypericaceae","wild"
"HYPIPEF","Hypericum perforatum","Hypericum","Hypericaceae","wild"
"HYPIPUL","Hypericum pulchrum","Hypericum","Hypericaceae","wild"
"HYPISPE","Hypericum spp.","Hypericum","Hypericaceae","wild"
"HYPOCHO","Hypochoeris radicata","Hypochoeris","Compositae","wild"
"ILEXAQU","Ilex aquifolium","Ilex","Aquifoliaceae","wild"
"IRISPSE","Iris pseudacorus","Iris","Irideae","wild"
"ISOLSET","Isolepis setacea","Isolepis","Cyperaceae","wild"
"JUNCONA","Juniperus communis/nana","Juniper","Cupressaceae","wild"
"JUNCSPE","Juncus spp.","Juncus","Juncaceae","wild"
"JUNCSQU","Juncus squarrosa","Juncus","Juncaceae","wild"
"JUNICOM","Juniperus communis","Juniper","Cupressaceae","wild"
"JUNISPE","Juniper spp.","Juniper","Cupressaceae","wild"
"KNAUARV","Knautia arvensis","Knautia","Dipsacaceae","wild"
"LABIIND","Labiatae indeterminate",NULL,"Labiatae","wild"
"LAMIALB","Lamium album","Lamium","Labiatae","wild"
"LAMIAMP","Lamium amplexicaule","Lamium","Labiatae","wild"
"LAMISPE","Lamium spp.","Lamium","Labiatae","wild"
"LAPSCOM","Lapsana communis","Lapsana","Compositae","wild"
"LATCISA","Lathyrus cicera/sativus","Lathyrus","Leguminosae","wild/domestic"
"LATHCIC","Lathyrus cicera","Lathyrus","Leguminosae","wild"
"LATHHIR","Lathyrus hirsuta","Lathyrus","Leguminosae","wild"
"LATHNIS","Lathyrus nissolia","Lathyrus","Leguminosae","wild"
"LATHPRA","Lathyrus pratensis","Lathyrus","Leguminosae","wild"
"LATHSAT","Lathyrus sativus","Lathyrus","Leguminosae","domestic"
"LATHTUB","Lathyrus tuberosus","Lathyrus","Leguminosae","wild"
"LEGUIND","Leguminosae indeterminate",NULL,"Leguminosae","wild/domestic"
"LEGUINL","Leguminosae indeterminate large",NULL,"Leguminosae","domestic"
"LEGUINS","Leguminosae indeterminate small",NULL,"Leguminosae","wild"
"LEMNSPE","Lemna spp.","Lemna","Araceae","wild"
"LENSCUL","Lens culinaris","Lens","Leguminosae","domestic"
"LENSSPE","Lens spp.","Lens","Leguminosae","wild/domestic"
"LENSVIC","Lens/Vicia spp.",NULL,"Leguminosae","wild/domestic"
"LEONAUT","Leontodon autumnalis","Leontodon","Compositae","wild"
"LEPISPE","Lepidium spp.","Lepidium","Cruciferae","wild"
"LINALUS","Linum alpinum/usitatissimum","Linum","Linaceae","wild/domestic"
"LINUCAT","Linum catharticum","Linum","Linaceae","wild"
"LINUSIC","Linum usitatissimum capsules/fragments","Linum","Linaceae","domestic"
"LINUSPC","Linum spp. capsules/fragments","Linum","Linaceae","wild/domestic"
"LINUSPE","Linum spp.","Linum","Linaceae","wild/domestic"
"LINUSTE","Linum usitatissimum stem/fragments","Linum","Linaceae","domestic"
"LINUUSI","Linum usitatissimum","Linum","Linaceae","domestic"
"LOLIPER","Lolium perenne","Lolium","Gramineae","wild"
"LOLISPE","Lolium spp.","Lolium","Gramineae","wild"
"LOLITEM","Lolium temulentum","Lolium","Gramineae","wild"
"LOLRIPE","Lolium rigidum/perenne","Lolium","Gramineae","wild"
"LONIXYL","Lonicera xylosteum","Lonicera","Caprifoliaceae","wild"
"LOTUPED","Lotus pedunculatus","Lotus","Leguminosae","wild"
"LUZUCAM","Luzula campestris","Luzula","Juncaceae","wild"
"LUZULUZ","Luzula luzuloides","Luzula","Juncaceae","wild"
"LUZUMUL","Luzula multiflora","Luzula","Juncaceae","wild"
"LUZUSPE","Luzula spp.","Luzula","Juncaceae","wild"
"LYCHFLC","Lychnis flos-cuculi","Lychnis","Caryophyllaceae","wild"
"LYCHSPE","Lychnis spp.","Lychnis","Caryophyllaceae","wild"
"LYCOEUR","Lycopus europaeus","Lycopus","Labiatae","wild"
"LYTHSAL","Lythrum salicaria","Lythrum","Lythraceae","wild"
"MALDOSY","Malus domestica/sylvestris","Malus","Rosaceae","wild/cultivated"
"MALOIDE","Maloideae (e.g., incl. Malus, Pyrus, Sorbus, Cydonia, etc.)",NULL,"Rosaceae","wild/cultivated"
"MALUSOR","Malus sylvestris/Sorbus spp.",NULL,"Rosaceae","wild"
"MALUSPE","Malus spp.","Malus","Rosaceae","wild"
"MALUSYL","Malus sylvestris","Malus","Rosaceae","wild"
"MALVNEG","Malva neglecta","Malva","Malvaceae","wild"
"MALVSPE","Malva spp.","Malva","Malvaceae","wild"
"MALVSYL","Malva sylvestris","Malva","Malvaceae","wild"
"MASYPYC","Malus sylvestris/Pyrus communis",NULL,"Rosaceae","wild/cultivated"
"MATRCHA","Matricaria chamomilla","Matricaria","Compositae","wild"
"MEDILUP","Medicago lupulina","Medicago","Leguminosae","wild"
"MEDISPE","Medicago spp.","Medicago","Leguminosae","wild"
"MELAPRA","Melampyrum pratense","Melampyrum","Scrophulariaceae","wild"
"MELASPE","Melampyrum spp.","Melampyrum","Scrophulariaceae","wild"
"MELIALT","Melilotus altissima","Melilotus","Leguminosae","wild"
"MELISPE","Melilotus spp.","Melilotus","Leguminosae","wild"
"MELIUNI","Melica uniflora","Melica","Gramineae","wild"
"MENAQAR","Mentha aquatica/arvensis","Mentha","Labiatae","wild"
"MENTAQU","Mentha aquatica","Mentha","Labiatae","wild"
"MENTARV","Mentha arvensis","Mentha","Labiatae","wild"
"MENTORI","Mentha/Origanum spp.",NULL,"Labiatae","wild"
"MENTSPE","Mentha spp.","Mentha","Labiatae","wild"
"MENYSPE","Menyanthes spp.","Menyanthese","Menyanthaceae","wild"
"MENYTRI","Menyanthes trifoliata","Menyanthes","Menyanthaceae","wild"
"MERCANN","Mercuralis annuis","Mercuralis","Euphorbiaceae","wild"
"MINUHYB","Minuartia hybrida","Minuartia","Caryophyllaceae","wild"
"MOEHSPE","Moehringia spp.","Moehringia","Caryophyllaceae","wild"
"MOEHTRI","Moehringia trinervia","Moehringia","Caryophyllaceae","wild"
"MOLICAA","Molinia arundinacea","Molinia","Gramineae","wild"
"MOLICAE","Molinia caerulea","Molinia","Gramineae","wild"
"MOLISIE","Molinia/Sieglingia spp.",NULL,"Gramineae","wild"
"MONDISO","Monocotyledonous/Dicotyledonous storage organs",NULL,NULL,"wild"
"MONOCSO","Monocotyledonous storage organs",NULL,NULL,"wild"
"MONTFON","Montia fontana","Montia","Portulacaceae","wild"
"MONTSPE","Montia spp.","Montia","Portulacaceae","wild"
"MYONAQU","Myosoton aquaticum","Myosoton","Caryophyllaceae","wild"
"MYOSARV","Myosotis arvensis","Myosotis","Boraginaceae","wild"
"MYOSSPE","Myosotis spp.","Myosotis","Boraginaceae","wild"
"NAJAMAR","Najas marina","Najas","Najadaceae","wild"
"NAJFLEX","Najas flexilis","Najas","Najadaceae","wild"
"NARDSTR","Nardus stricta","Nardus","Gramineae","wild"
"NEPECAT","Nepeta cataria","Nepeta","Labiatae","wild"
"NUPHLUT","Nuphar lutea","Nuphar","Nymphaeaceae","wild"
"NUPHPUM","Nuphar pumilum","Nuphar","Nymphaeaceae","wild"
"NUPHSPE","Nuphar spp.","Nuphar","Nymphaeaceae","wild"
"NYMPALB","Nymphaea alba","Nympha","Nymphaeaceae","wild"
"NYMPSPE","Nymphaea spp.","Nymphaea","Nymphaeaceae","wild"
"ODONEUP","Odontites/Euphrasia spp.",NULL,"Scrophulariaceae","wild"
"OENAAQU","Oenanthe aquatica","Oenanthe","Umbelliferae","wild"
"ORIGVUL","Origanum vulgare","Origanum","Labiatae","wild"
"PANIIND","Panicoideae indeterminate",NULL,"Gramineae","wild"
"PANIMIL","Panicum miliaceum","Panicum","Gramineae","domestic"
"PANISPE","Panicum spp.","Panicum","Gramineae","wild"
"PAPAARG","Papaver argemone","Papaver","Papaveraceae","wild"
"PAPARHO","Papaver rhoeas","Papaver","Papaveraceae","wild"
"PAPASOM","Papaver somniferum","Papaver","Papaveraceae","domestic"
"PAPASPE","Papaver spp.","Papaver","Papaveraceae","wild"
"PAPDURH","Papaver dubium/rhoeas","Papaver","Papaveraceae","wild"
"PASTSAT","Pastinaca sativa","Pastinaca","Umbelliferae","wild"
"PEDISPE","Pedicularis spp.","Pedicularis","Orobanchaceae","wild"
"PEDISYL","Pedicularis sylvatica","Pedicularis","Orobanchaceae","wild"
"PETRCRI","Petroselinum crispum","Petroselinum","Umbelliferae","wild"
"PHLEPOA","Phleum/Poa spp.",NULL,"Gramineae","wild"
"PHLEPRA","Phleum pratense","Phleum","Gramineae","wild"
"PHLESPE","Phleum spp.","Phleum","Gramineae","wild"
"PHRAAUS","Phragmites australis","Phragmites","Gramineae","wild"
"PHRASPE","Phragmites spp.","Phragmites","Gramineae","wild"
"PHYSALK","Physalis alkekengi","Physalis","Solanaceae","wild"
"PICEABI","Picea abies","Picea","Pinaceae","wild"
"PICRHIE","Picris hieracioides","Picris","Compositae","wild"
"PIMMASA","Pimpinella major/saxifraga","Pimpinella","Umbelliferae","wild"
"PINAIND","Pinaceae indeterminate",NULL,"Pinaceae","wild"
"PINUCEM","Pinus cembra","Pinus","Pinaceae","wild"
"PINUMUG","Pinus mugo","Pinus","Pinaceae","wild"
"PINUSPE","Pinus spp.","Pinus","Pinaceae","wild"
"PISTSPE","Pistacia spp.","Pistacia","Anacardiaceae","wild"
"PISUSAT","Pisum sativum","Pisum","Leguminosae","domestic"
"PISUSPE","Pisum spp.","Pisum","Leguminosae","wild/domestic"
"PISUVIC","Pisum/Vicia spp.",NULL,"Leguminosae","wild/domestic"
"PLALAMA","Plantago lanceolata/maritima","Plantago","Plantaginaceae","wild"
"PLANLAN","Plantago lanceolata","Plantago","Plantaginaceae","wild"
"PLANMAJ","Plantago major","Plantago","Plantaginaceae","wild"
"PLANMAR","Plantago maritima","Plantago","Plantaginaceae","wild"
"PLANMED","Plantago media","Plantago","Plantaginaceae","wild"
"PLANSPE","Plantago spp.","Plantago","Plantaginaceae","wild"
"POAAGRO","Poa/Agrostis spp.",NULL,"Gramineae","wild"
"POAANNU","Poa annua","Poa","Gramineae","wild"
"POANEMO","Poa nemoralis","Poa","Gramineae","wild"
"POAPRAT","Poa pratensis","Poa","Gramineae","wild"
"POAPRTR","Poa pratensis/trivialis","Poa","Gramineae","wild"
"POASPEC","Poa spp.","Poa","Gramineae","wild"
"POATRIV","Poa trivialis","Poa","Gramineae","wild"
"POLAVCO","Polygonum aviculare/convolvulus","Polygonum","Polygonaceae","wild"
"POLCARV","Polycnemum arvense","Polycnemum","Chenopodiaceae","wild"
"POLGSPE","Polygala spp.","Polygala","Polygalaceae","wild"
"POLLAMI","Polygonum lapathifolium/mitis","Polygonum","Polygonaceae","wild"
"POLLAPE","Polygonum lapathifolium/persicaria","Polygonum","Polygonaceae","wild"
"POLTSPE","Polygonatum spp.","Polygonatum","Asparagaceae","wild"
"POLYAMP","Polygonum amphibia","Polygonum","Polygonaceae","wild"
"POLYARE","Polygonum arenastrum","Polygonum","Polygonaceae","wild"
"POLYAVI","Polygonum aviculare","Polygonum","Polygonaceae","wild"
"POLYCON","Polygonum convolvulus","Polygonum","Polygonaceae","wild"
"POLYCYP","Polygonaceae/Cyperaceae indeterminate",NULL,NULL,"wild"
"POLYDUM","Polygonum dumetorum","Polygonum","Polygonaceae","wild"
"POLYHYD","Polygonum hydropiper","Polygonum","Polygonaceae","wild"
"POLYIND","Polygonaceae indeterminate",NULL,"Polygonaceae","wild"
"POLYLAP","Polygonum lapathifolium","Polygonum","Polygonaceae","wild"
"POLYMIN","Polygonum minus","Polygonum","Polygonaceae","wild"
"POLYMIT","Polygonum mite","Polygonum","Polygonaceae","wild"
"POLYPER","Polygonum persicaria","Polygonum","Polygonaceae","wild"
"POLYRUM","Polygonum/Rumex spp.",NULL,"Polygonaceae","wild"
"POLYSPE","Polygonum spp.","Polygonum","Polygonaceae","wild"
"PORTOLE","Portulaca oleracea","Portulaca","Portulacaceae","wild"
"POTANAT","Potamogeton natans","Potamogeton","Potamogetonaceae","wild"
"POTASPE","Potamogeton spp.","Potamogeton","Potamogetonaceae","wild"
"POTEANS","Potentilla anserina","Potentilla","Rosaceae","wild"
"POTEARE","Potentilla arenaria","Potentilla","Rosaceae","wild"
"POTEARG","Potentilla argentea","Potentilla","Rosaceae","wild"
"POTEERE","Potentilla erecta","Potentilla","Rosaceae","wild"
"POTEPAL","Potentilla palustris","Potentilla","Rosaceae","wild"
"POTEREP","Potentilla reptans","Potentilla","Rosaceae","wild"
"POTERRE","Potentilla erecta/repens","Potentilla","Rosaceae","wild"
"POTESPE","Potentilla spp.","Potentilla","Rosaceae","wild"
"PRUAVPA","Prunus avium/padus","Prunus","Rosaceae","wild"
"PRULVUL","Prunella vulgaris","Prunella","Labiatae","wild"
"PRUNAVI","Prunus avium","Prunus","Rosaceae","wild"
"PRUNCER","Prunus/Cerasus spp.",NULL,"Rosaceae","wild/cultivated"
"PRUNDOM","Prunus domestica","Prunus","Rosaceae","cultivated"
"PRUNMAH","Prunus mahaleb","Prunus","Rosaceae","wild"
"PRUNPAD","Prunus padus","Prunus","Rosaceae","wild"
"PRUNSPE","Prunus spp.","Prunus","Rosaceae","wild"
"PRUNSPI","Prunus spinosa","Prunus","Rosaceae","wild"
"PTERAQU","Pteridium aquilinum","Pteridium","Polypodiaceae","wild"
"PTERSPE","Pteridium spp.","Pteridium","Polypodiaceae","wild"
"PUCCDIS","Puccinellia distans","Puccinellia","Gramineae","wild"
"PUCCMAR","Puccinellia maritima","Puccinellia","Gramineae","wild"
"PYRUCOM","Pyrus communis","Pyrus","Rosaceae","cultivated"
"PYRUMAL","Pyrus/Malus spp.",NULL,"Rosaceae","wild/cultivated"
"QUEROPE","Quercus robur/petraea","Quercus","Fagaceae","wild"
"QUERPUB","Quercus pubescens","Quercus","Fagaceae","wild"
"QUERROB","Quercus robur","Quercus","Fagaceae","wild"
"QUERSPE","Quercus spp.","Quercus","Fagaceae","wild"
"RANFLRE","Ranunculus flammula/reptans","Ranunculus","Ranunculaceae","wild"
"RANREAC","Ranunculus repens/acris","Ranunculus","Ranunculaceae","wild"
"RANUACR","Ranunculus acris","Ranunculus","Ranunculaceae","wild"
"RANUARB","Ranunculus acris/repens/bulbosus","Ranunculus","Ranunculaceae","wild"
"RANUFIC","Ranunculus ficaria","Ranunculus","Ranunculaceae","wild"
"RANUFLA","Ranunculus flammula","Ranunculus","Ranunculaceae","wild"
"RANUIND","Ranunculaceae indeterminate",NULL,"Ranunculaceae","wild"
"RANULIN","Ranunculus lingua","Ranunculus","Ranunculaceae","wild"
"RANUREP","Ranunculus repens","Ranunculus","Ranunculaceae","wild"
"RANUSCE","Ranunculus sceleratus","Ranunculus","Ranunculaceae","wild"
"RANUSPE","Ranunculus spp.","Ranunculus","Ranunculaceae","wild"
"RAPHRAN","Raphanus raphanistrum","Raphanus","Cruciferae","wild"
"RHINMIN","Rhinanthus minor","Rhinanthus","Scrophulariaceae","wild"
"RHINSPE","Rhinanthus spp.","Rhinanthus","Scrophulariaceae","wild"
"RORISPE","Rorippa spp.","Rorippa","Cruciferae","wild"
"ROSACAN","Rosa canina","Rosa","Rosaceae","wild"
"ROSAIND","Rosaceae indeterminate",NULL,"Rosaceae","wild"
"ROSASPE","Rosa spp.","Rosa","Rosaceae","wild"
"RUBIDCA",NULL,NULL,NULL,NULL
"RUBIDFR","Rubus idaeus/fruticosus","Rubus","Rosaceae","wild"
"RUBIIND","Rubiaceae indeterminate",NULL,"Rubiaceae","wild"
"RUBUCAE","Rubus caesius","Rubus","Rosaceae","wild"
"RUBUFRU","Rubus fruticosus","Rubus","Rosaceae","wild"
"RUBUIDA","Rubus idaeus","Rubus","Rosaceae","wild"
"RUBUSPE","Rubus spp.","Rubus","Rosaceae","wild"
"RUMACSA","Rumex acetosa/sanguineus","Rumex","Polygonaceae","wild"
"RUMCOSA","Rumex conglomeratus/sanguineus","Rumex","Polygonaceae","wild"
"RUMCROB","Rumex crispus/obtusifolius","Rumex","Polygonaceae","wild"
"RUMEACE","Rumex acetosella","Rumex","Polygonaceae","wild"
"RUMEACT","Rumex acetosa","Rumex","Polygonaceae","wild"
"RUMECON","Rumex conglomeratus","Rumex","Polygonaceae","wild"
"RUMECRI","Rumex crispus","Rumex","Polygonaceae","wild"
"RUMEOBT","Rumex obtusifolius","Rumex","Polygonaceae","wild"
"RUMESAN","Rumex sanguineus","Rumex","Polygonaceae","wild"
"RUMESPE","Rumex spp.","Rumex","Polygonaceae","wild"
"RUMETHY","Rumex thyrsiflorus","Rumex","Polygonaceae","wild"
"RUMLOOB","Rumex longifolius/obtosifolius","Rumex","Polygonaceae","wild"
"RUPPMAR","Ruppia maritima","Ruppia","Ruppiaceae","wild"
"SAGISAG","Sagittaria sagittifolia","Sagittaria","Alismataceae","wild"
"SALCEUR","Salicornia europaea","Salicornia","Amaranthaceae","wild"
"SALCSPE","Salicornia spp.","Salicornia","Amaranthaceae","wild"
"SALISPE","Salix spp.","Salix","Salicaceae","wild"
"SAMBEBU","Sambucus ebulus","Sambucus","Caprifoliaceae","wild"
"SAMBNIG","Sambucus nigra","Sambucus","Caprifoliaceae","wild"
"SAMBRAC","Sambucus racemosa","Sambucus","Caprifoliaceae","wild"
"SAMBSPE","Sambucus spp.","Sambucus","Caprifoliaceae","wild"
"SAMEBRA","Sambucus ebulus/racemosa","Sambucus","Caprifoliaceae","wild"
"SAMNIRA","Sambucus nigra/racemosa","Sambucus","Caprifoliaceae","wild"
"SANGMIN","Sanguisorba minor","Sanguisorba","Rosaceae","wild"
"SANGOFF","Sanguisorba officinalis","Sanguisorba","Rosaceae","wild"
"SAPOOFF","Saponaria officinalis","Saponaria","Caryophyllaceae","wild"
"SCHONIG","Schoenus nigricans","Schoenus","Cyperaceae","wild"
"SCHOSPE","Schoenoplectus spp.","Schoenoplectus","Cyperaceae","wild"
"SCIMALA","Scirpus maritimus/lacustris","Scirpus","Cyperaceae","wild"
"SCIRLAC","Scirpus lacustris","Scirpus","Cyperaceae","wild"
"SCIRMAR","Scirpus maritimus","Scirpus","Cyperaceae","wild"
"SCIRSCH","Scirpus/Schoenoplectus spp.",NULL,"Cyperaceae","wild"
"SCIRSPE","Scirpus spp.","Scirpus","Cyperaceae","wild"
"SCIRSYL","Scirpus sylvaticus","Scirpus","Cyperaceae","wild"
"SCIRTAB","Scirpus tabernaemontani","Scirpus","Cyperaceae","wild"
"SCLEANN","Scleranthus annuus","Scleranthus","Caryophyllaceae","wild"
"SCLESPE","Scleranthus spp.","Scleranthus","Caryophyllaceae","wild"
"SCRNOUM","Scrophularia nodosa/umbrosa","Scrophularia","Scrophulariaceae","wild"
"SCROIND","Scrophulariaceae indeterminate",NULL,"Scrophulariaceae","wild"
"SCROSPE","Scrophularia spp.","Scrophularia","Scrophulariaceae","wild"
"SCROVER","Scrophularia/Verbascum spp.",NULL,"Scrophulariaceae","wild"
"SECACEG","Secale cereale grains","Secale","Gramineae","domestic"
"SECASPE","Secale spp.","Secale","Gramineae","wild/domestic"
"SENESPE","Senecio spp.","Senecio","Compositae","wild"
"SENEVUL","Senecio vulgaris","Senecio","Compositae","wild"
"SETAGLA","Setaria glauca","Setaria","Gramineae","wild"
"SETAITA","Setaria italica","Setaria","Gramineae","domestic"
"SETAPAN","Setaria/Panicum spp.",NULL,"Gramineae","wild"
"SETAVIR","Setaria viridis","Setaria","Gramineae","wild"
"SETISPE","Setaria spp.","Setaria","Gramineae","wild"
"SETISPH","Setaria spp. husk/glumes","Setaria","Gramineae","wild"
"SETVIVE","Setaria viridis/verticillata","Setaria","Gramineae","wild"
"SHERARV","Sherardia arvensis","Sherardia","Rubiaceae","wild"
"SIEGDEC","Sieglingia decumbens","Sieglingia","Gramineae","wild"
"SIEGSPE","Sieglingia spp.","Sieglingia","Gramineae","wild"
"SILEACA","Silene acaulis","Silene","Caryophyllaceae","wild"
"SILEALB","Silene alba","Silene","Caryophyllaceae","wild"
"SILECRE","Silene cretica","Silene","Caryophyllaceae","wild"
"SILEDIO","Silene dioica","Silene","Caryophyllaceae","wild"
"SILENOC","Silene noctiflora","Silene","Caryophyllaceae","wild"
"SILENUT","Silene nutans","Silene","Caryophyllaceae","wild"
"SILESPE","Silene spp.","Silene","Caryophyllaceae","wild"
"SILEVUL","Silene vulgaris","Silene","Caryophyllaceae","wild"
"SILNUVU","Silene nutans/vulgaris","Silene","Caryophyllaceae","wild"
"SILVUDI","Silene vulgaris/dioica","Silene","Caryophyllaceae","wild"
"SINAARV","Sinapis arvensis","Sinapis","Cruciferae","wild"
"SISYOFF","Sisymbrium officinale","Sisymbrium","Cruciferae","wild"
"SIUMLAT","Sium latifolium","Sium","Umbelliferae","wild"
"SOLADUL","Solanum dulcamara","Solanum","Solanaceae","wild"
"SOLAIND","Solanaceae indeterminate",NULL,"Solanaceae","wild"
"SOLANIG","Solanum nigrum","Solanum","Solanaceae","wild"
"SOLASPE","Solanum spp.","Solanum","Solanaceae","wild"
"SOLDUNI","Solanum dulcamara/nigrum","Solanum","Solanaceae","wild"
"SONCARV","Sonchus arvensis","Sonchus","Compositae","wild"
"SONCASP","Sonchus asper","Sonchus","Compositae","wild"
"SONCOLE","Sonchus oleraceus","Sonchus","Compositae","wild"
"SONCSPE","Sonchus spp.","Sonchus","Compositae","wild"
"SORBARI","Sorbus aria","Sorbus","Rosaceae","wild"
"SORBAUC","Sorbus aucuparia","Sorbus","Rosaceae","wild"
"SORBINT","Sorbus intermedia","Sorbus","Rosaceae","wild"
"SORBTOR","Sorbus torminalis","Sorbus","Rosaceae","wild"
"SPAEMNA","Sparganium emersum/natans","Sparganium","Typhaceae","wild"
"SPARERE","Sparganium erectum","Sparganium","Typhaceae","wild"
"SPARSPE","Sparganium spp.","Sparganium","Typhaceae","wild"
"SPERARV","Spergularia arvensis","Spergularia","Caryophyllaceae","wild"
"SPERMAR","Spergularia marina","Spergularia","Caryophyllaceae","wild"
"SPERMED","Spergularia media","Spergularia","Caryophyllaceae","wild"
"SPERSPE","Spergularia spp.","Spergularia","Caryophyllaceae","wild"
"STAALSY","Stachys alpina/sylvestris","Stachys","Labiatae","wild"
"STAARSY","Stachys arvensis/sylvatica","Stachys","Labiatae","wild"
"STACANN","Stachys annua","Stachys","Labiatae","wild"
"STACARV","Stachys arvensis","Stachys","Labiatae","wild"
"STACPAL","Stachys palustris","Stachys","Labiatae","wild"
"STACSPE","Stachys spp.","Stachys","Labiatae","wild"
"STACSYL","Stachys sylvatica","Stachys","Labiatae","wild"
"STEAQME","Stellaria aquatica/media","Stellaria","Caryophyllaceae","wild"
"STELALS","Stellaria alsine","Stellaria","Caryophyllaceae","wild"
"STELGRA","Stellaria graminea","Stellaria","Caryophyllaceae","wild"
"STELMED","Stellaria media","Stellaria","Caryophyllaceae","wild"
"STELPAL","Stellaria palustris","Stellaria","Caryophyllaceae","wild"
"STELSPE","Stellaria spp.","Stellaria","Caryophyllaceae","wild"
"STEMENE","Stellaria media/nemorum","Stellaria","Caryophyllaceae","wild"
"STENEAQ","Stellaria nemorum/aquatica","Stellaria","Caryophyllaceae","wild"
"STENEME","Stellaria neglecta/media","Stellaria","Caryophyllaceae","wild"
"STIPPEN","Stipa pennata","Stipa","Gramineae","wild"
"STIPSPE","Stipa spp.","Stipa","Gramineae","wild"
"SUAEMAR","Suaeda maritima","Suaeda","Chenopodiaceae","wild"
"TARAOFF","Taraxacum officinale","Taraxacum","Compositae","wild"
"TAXUBAC","Taxus baccata","Taxus","Taxaceae","wild"
"TEUCHSC","Teucrium chamaedrys/scorodonia","Teucrium","Labiatae","wild"
"TEUCSPE","Teucrium spp.","Teucrium","Labiatae","wild"
"THALFLA","Thalictrum flavum","Thalictrum","Ranunculaceae","wild"
"THLAARV","Thlaspi arvense","Thlaspi","Cruciferae","wild"
"THYMPUL","Thymus pulegioides","Thymus","Labiatae","wild"
"THYSSER","Thymus serpyllum","Thymus","Labiatae","wild"
"THYSSPE","Thymus spp.","Thymus","Labiatae","wild"
"TILICOR","Tilia cordata","Tilia","Tiliaceae","wild"
"TILIPLA","Tilia platyphyllos","Tilia","Tiliaceae","wild"
"TILISPE","Tilia spp.","Tilia","Tiliaceae","wild"
"TORIJAP","Torilis japonica","Torilis","Umbelliferae","wild"
"TRANSPE","Tragopogon spp.","Tragopogon","Compositae","wild"
"TRAPNAT","Trapa natans","Trapa","Trapaceae","wild"
"TRICCES","Tricophorum cespitosum","Tricophorum","Cyperaceae","wild"
"TRIDISP","Triticum dicoccum/spelta grains","Triticum","Gramineae","domestic"
"TRIDSPG","Triticum dicoccum/spelta glume bases","Triticum","Gramineae","domestic"
"TRIDSPS","Triticum dicoccum/spelta spikelet forks","Triticum","Gramineae","domestic"
"TRIFARV","Trifolium arvense","Trifolium","Leguminosae","wild"
"TRIFCAM","Trifolium campestre","Trifolium","Leguminosae","wild"
"TRIFDUB","Trifolium dubium","Trifolium","Leguminosae","wild"
"TRIFHSP","Triticum aestivum/spelta grains","Triticum","Gramineae","domestic"
"TRIFLOT","Trifolium/Lotus spp.",NULL,"Leguminosae","wild"
"TRIFPRA","Trifolium pratense","Trifolium","Leguminosae","wild"
"TRIFREP","Trifolium repens","Trifolium","Leguminosae","wild"
"TRIFSPE","Trifolium spp.","Trifolium","Leguminosae","wild"
"TRIFTHR","Triticum species free threshing wheat hexaploid rachis","Triticum","Gramineae","domestic"
"TRIFTTG","Triticum species free-threshing tetraploid glumes, husk","Triticum","Gramineae","domestic"
"TRIFTTR","Triticum species free threshing wheat  tetraploid rachis","Triticum","Gramineae","domestic"
"TRIGLWG","Triticum species indeterminate glume wheat glume bases","Triticum","Gramineae","domestic"
"TRIGLWS","Triticum species indeterminate glume wheat spikelet forks","Triticum","Gramineae","domestic"
"TRIGMAR","Triglochin maritima","Triglochin","Juncaginaceae","wild"
"TRIMDGL","Triticum monococcum/dicoccum glumes, husk","Triticum","Gramineae","domestic"
"TRIMDRA","Triticum monococcum/dicoccum rachis","Triticum","Gramineae","domestic"
"TRIMODG","Triticum monococcum/dicoccum glume bases","Triticum","Gramineae","domestic"
"TRIMODI","Triticum monococcum/dicoccum grains","Triticum","Gramineae","domestic"
"TRIMODS","Triticum monococcum/dicoccum spikelet forks","Triticum","Gramineae","domestic"
"TRIPMAR","Tripleurospermum maritimum","Tripleurospermum","Compositae","wild"
"TRISPLG","Triticum spelta glume bases","Triticum","Gramineae","domestic"
"TRISPLS","Triticum spelta spikelet forks","Triticum","Gramineae","domestic"
"TRISPRA","Triticum spelta rachis","Triticum","Gramineae","domestic"
"TRITDGL","Triticum dicoccum glumes, husk","Triticum","Gramineae","domestic"
"TRITDIC","Triticum dicoccum grains","Triticum","Gramineae","domestic"
"TRITDIG","Triticum dicoccum glume bases","Triticum","Gramineae","domestic"
"TRITDIO","Triticum dicoccum grains (1g)","Triticum","Gramineae","domestic"
"TRITDIS","Triticum dicoccum spikelet forks","Triticum","Gramineae","domestic"
"TRITDRA","Triticum dicoccum rachis","Triticum","Gramineae","domestic"
"TRITFTH","Triticum species free threshing wheat hexaploid grains","Triticum","Gramineae","domestic"
"TRITFTR","Triticum species indeterminate free threshing wheat rachis","Triticum","Gramineae","domestic"
"TRITFTT","Triticum species free threshing wheat tetraploid grains","Triticum","Gramineae","domestic"
"TRITFTW","Triticum species indeterminate free threshing wheat grains","Triticum","Gramineae","domestic"
"TRITFWG","Triticum species indeterminate free threshing wheat glumes/husk","Triticum","Gramineae","domestic"
"TRITGLW","Triticum species indeterminate glume wheat grains","Triticum","Gramineae","domestic"
"TRITMGL","Triticum monococcum glumes, husk","Triticum","Gramineae","domestic"
"TRITMOG","Triticum monococcum glume bases","Triticum","Gramineae","domestic"
"TRITMON","Triticum monococcum grains (1/2g)","Triticum","Gramineae","domestic"
"TRITMOO","Triticum monococcum grains (1g)","Triticum","Gramineae","domestic"
"TRITMOS","Triticum monococcum spikelet forks","Triticum","Gramineae","domestic"
"TRITMOT","Triticum monococcum grains (2g)","Triticum","Gramineae","domestic"
"TRITMRA","Triticum monococcum rachis","Triticum","Gramineae","domestic"
"TRITSEC","Triticum/Secale spp.",NULL,"Gramineae","wild/domestic"
"TRITSPE","Triticum species indeterminate fr thr/gl wheat grains","Triticum","Gramineae","domestic"
"TRITSPH","Triticum species indeterminate fr thr/gl wheat glumes/husk","Triticum","Gramineae","domestic"
"TRITSPL","Triticum spelta grains","Triticum","Gramineae","domestic"
"TRITSPR","Triticum species indeterminate fr thr/gl wheat rachis/spikelet/glume","Triticum","Gramineae","domestic"
"TYPHANG","Typha angustifolia","Typha","Typhaceae","wild"
"TYPHLAT","Typha latifolia","Typha","Typhaceae","wild"
"TYPHSPE","Typha spp.","Typha","Typhaceae","wild"
"ULMUSPE","Ulmus spp.","Ulmus","Ulmaceae","wild"
"UMBEIND","Umbelliferae indeterminate",NULL,"Umbelliferae","wild"
"URTIDIO","Urtica dioica","Urtica","Urticaceae","wild"
"URTIURE","Urtica urens","Urtica","Urticaceae","wild"
"VACCVII","Vaccinium vitis-idaea","Vaccinium","Ericaceae","wild"
"VACMYVI","Vaccinium myrtillus/vitis-idaea","Vaccinium","Ericaceae","wild"
"VACNMYR","Vaccinium myrtillus","Vaccinium","Ericaceae","wild"
"VACNSPE","Vaccinium spp.","Vaccinium","Ericaceae","wild"
"VALEDEN","Valerianella dentata","Valerianella","Valerianaceae","wild"
"VALELOC","Valerianella locusta","Valerianella","Valerianaceae","wild"
"VALERIM","Valerianella rimosa","Valerianella","Valerianaceae","wild"
"VALESPE","Valerianella spp.","Valerianella","Valerianaceae","wild"
"VERBSPE","Verbascum spp.","Verbascum","Scrophulariaceae","wild"
"VEREOFF","Verbena officinalis","Verbena","Verbenaceae","wild"
"VEROARV","Veronica arvensis","Veronica","Scrophulariaceae","wild"
"VEROCHA","Veronica chamaedrys","Veronica","Scrophulariaceae","wild"
"VEROHED","Veronica hederifolia","Veronica","Scrophulariaceae","wild"
"VEROSER","Veronica serphyllifolia","Veronica","Scrophulariaceae","wild"
"VEROSPE","Veronica spp.","Veronica","Scrophulariaceae","wild"
"VEROTEU","Veronica teucrium","Veronica","Scrophulariaceae","wild"
"VERTECH","Veronica teucrium/chamaedrys","Veronica","Scrophulariaceae","wild"
"VIBUOPU","Viburnum opulus","Viburnum","Caprifoliaceae","wild"
"VICIERV","Vicia ervilia","Vicia","Leguminosae","wild/domestic"
"VICIFAB","Vicia faba","Vicia","Leguminosae","domestic"
"VICIHIR","Vicia hirsuta","Vicia","Leguminosae","wild"
"VICILAT","Vicia/Lathyrus spp.",NULL,"Leguminosae","wild"
"VICILAY","Vicia lathyroides","Vicia","Leguminosae","wild"
"VICISAT","Vicia sativa","Vicia","Leguminosae","wild/domestic"
"VICISEP","Vicia sepium","Vicia","Leguminosae","wild"
"VICISPE","Vicia spp.","Vicia","Leguminosae","wild"
"VICITET","Vicia tetrasperma","Vicia","Leguminosae","wild"
"VICSAVI","Vicia sativa/villosa","Vicia","Leguminosae","wild/domestic"
"VICSYFA","Vicia sylvatica/faba","Vicia","Leguminosae","wild/domestic"
"VICTEHI","Vicia tetrasperma/hirsuta","Vicia","Leguminosae","wild"
"VIOARTR","Viola arvensis/tricolor","Viola","Violaceae","wild"
"VIOLHIR","Viola hirsuta","Viola","Violaceae","wild"
"VIOLHIT","Viola hirta","Viola","Violaceae","wild"
"VIOLPAL","Viola palustris","Viola","Violaceae","wild"
"VIOLSPE","Viola spp.","Viola","Violaceae","wild"
"VIOLTRI","Viola tricolor","Viola","Violaceae","wild"
"VISCALB","Viscum album","Viscum","Loranthaceae","wild"
"VITISPE","Vitis spp.","Vitis","Vitaceae","wild"
"VITISYL","Vitis sylvestris","Vitis","Vitaceae","wild"
"VITIVIN","Vitis vinifera","Vitis","Vitaceae","cultivated"
